City-Town,Parish,Region
Abbeville,Vermilion,Acadiana
Abington,Red River,Northwest
Abita Springs,St. Tammany,Southeast
Acadia,Acadia,Acadiana
Acme,Concordia,Central
Acy,Ascension,Capital
Ada,Bienville,Northwest
Addis,West Baton Rouge,Capital
Adeline,St. Mary,Bayou
Adner,Bossier,Northwest
Afton,Madison,Northeast
Aimwell,Catahoula,Central
Ajax,Natchitoches,Northwest
Akers,Tangipahoa,Southeast
Albany,Livingston,Capital
Alberta,Bienville,Northwest
Alco,Vernon,Central
Alden Bridge,Bossier,Northwest
Alexandria,Rapides,Central
Alfalfa,Rapides,Central
Alford,West Baton Rouge,Capital
Algiers,Orleans,Southeast
Alice,West Feliciana,Capital
Allen,Natchitoches,Northwest
Alliance,Plaquemines,Southeast
Alligator Bayou,Madison,Northeast
Alluvial City,St. Bernard,Southeast
Almadane,Vernon,Central
Aloha,Grant,Central
Alpha,Red River,Northwest
Alsatin,East Carroll,Northeast
Alsen,East Baton Rouge,Capital
Alto,Richland,Northeast
Alton,St. Tammany,Southeast
Altoona,Madison,Northeast
Ama,St. Charles,Southeast
Amelia,St. Mary,Bayou
Amite,Tangipahoa,Southeast
Anabel,Ouachita,Northeast
Anacoco,Vernon,Central
Anchorage,West Baton Rouge,Capital
Andrepont,St. Landry,Acadiana
Andrew,Vermilion,Acadiana
Angie,Washington,Southeast
Angola,West Feliciana,Capital
Ansley,Jackson,Northwest
Antioch,Claiborne,Northwest
Antonia,Grant,Central
Antrium,Bossier,Northwest
Arabi,St. Bernard,Southeast
Arbroth,West Baton Rouge,Capital
Arcadia,Bienville,Northwest
Archibald,Richland,Northeast
Archie,Catahoula,Central
Arcola,Tangipahoa,Southeast
Argo,Catahoula,Central
Ariel,Lafourche,Bayou
Arizona,Claiborne,Northwest
Arkana,Bossier,Northwest
Arlington,East Baton Rouge,Capital
Armagh,Concordia,Central
Armide,St. Landry,Acadiana
Armistead,Red River,Northwest
Arnaudville,St. Landry,Acadiana
Ashland,Concordia,Central
Ashland,Tensas,Northeast
Ashland,Terrebonne,Bayou
Ashland,Natchitoches,Northwest
Ashly,Madison,Northeast
Ashton,St. Mary,Bayou
Atchafalaya,St. Martin,Acadiana
Athens,Claiborne,Northwest
Athlone,Concordia,Central
Atkins,Bossier,Northwest
Atlanta,Winn,Central
Attakapas Canal,Assumption,Bayou
Avery Island,Iberia,Acadiana
Avondale,Jefferson,Southeast
Aycock,Claiborne,Northwest
Azucena,Tensas,Northeast
Bains,West Feliciana,Capital
Baker,East Baton Rouge,Capital
Bakers,Franklin,Northeast
Baldwin,St. Mary,Bayou
Ball,Rapides,Central
Ballina,Concordia,Central
Bancker,Vermilion,Acadiana
Bancroft,Beauregard,Southwest
Banks Springs,Caldwell,Northeast
Baptist,Tangipahoa,Southeast
Barataria,Jefferson,Southeast
Bardel,Richland,Northeast
Barksdale,Bossier,Northwest
Barnet Springs,Lincoln,Northwest
Barton,Ascension,Capital
Basile,Acadia,Acadiana
Baskin,Franklin,Northeast
Baskinton,Franklin,Northeast
Bassa Bassa,Jefferson,Southeast
Bastrop,Morehouse,Northeast
Batchelor,Pointe Coupee,Capital
Baton Rouge,East Baton Rouge,Capital
Battle,East Feliciana,Capital
Bawcomville-Brownsville,Ouachita,Northeast
Bayou Barbary,Livingston,Capital
Bayou Black Settlement,Terrebonne,Bayou
Bayou Cane,Terrebonne,Bayou
Bayou Chene,St. Martin,Acadiana
Bayou Chicot,Evangeline,Acadiana
Bayou Cholas,Jefferson,Southeast
Bayou Corne,Assumption,Bayou
Bayou Current,St. Landry,Acadiana
Bayou Gauche,St. Charles,Southeast
Bayou Geneve,St. Martin,Acadiana
Bayou Goula,Iberville,Capital
Bayou Sale,St. Mary,Bayou
Bayou Sara,West Feliciana,Capital
Bayou Sorrel,Iberville,Capital
Bayou Vista,St. Mary,Bayou
Baywood,East Baton Rouge,Capital
Bear Creek,Bienville,Northwest
Beauregard,Beauregard,Southwest
Beaver,Evangeline,Acadiana
Bee Bayou,Richland,Northeast
Beech Springs,Jackson,Northwest
Beekman,Morehouse,Northeast
Beggs,St. Landry,Acadiana
Bel,Allen,Southwest
Belair,Plaquemines,Southeast
Belcher,Caddo,Northwest
Bell City,Calcasieu,Southwest
Belle Alliance,Assumption,Bayou
Belle Chasse,Plaquemines,Southeast
Belle Helene,Ascension,Capital
Belle River,Assumption,Bayou
Belle Rose,Assumption,Bayou
Belle Terre,Assumption,Bayou
Belledeau,Avoyelles,Central
Bellevue,Bossier,Northwest
Bellwood,Natchitoches,Northwest
Belmont,Sabine,Northwest
Benson,DeSoto,Northwest
Bentley,Grant,Central
Benton,Bossier,Northwest
Bermuda,Natchitoches,Northwest
Bernice,Union,Northeast
Bertie,Assumption,Bayou
Bertrandville,Plaquemines,Southeast
Berwick,St. Mary,Bayou
Bethany,Caddo,Northwest
Bienville,Bienville,Northwest
Big Bend,Avoyelles,Central
Big Branch,St. Tammany,Southeast
Big Cane,St. Landry,Acadiana
Big Island,Rapides,Central
Billeaud,Lafayette,Acadiana
Bivens,Beauregard,Southwest
Black Hawk,Concordia,Central
Blackburn,Claiborne,Northwest
Blade,LaSalle,Central
Blairstown,East Feliciana,Capital
Blanchard,Caddo,Northwest
Blanks,Pointe Coupee,Capital
Blankston,Caldwell,Northeast
Blond,St. Tammany,Southeast
Bluff Creek,East Feliciana,Capital
Bob Acres,Iberia,Acadiana
Bodcau,Bossier,Northwest
Boeuf,Assumption,Bayou
Bogalusa,Washington,Southeast
Bohemian,Plaquemines,Southeast
Bolinger,Bossier,Northwest
Bolivar,Tangipahoa,Southeast
Bond,Allen,Southwest
Bonfouca,St. Tammany,Southeast
Bonita,Morehouse,Northeast
Book,Catahoula,Central
Boothville-Venice,Plaquemines,Southeast
Bordelonville,Avoyelles,Central
Borodino,Avoyelles,Central
Bosco,Ouachita,Northeast
Bossier,Bossier,Northwest
Bossier City,Bossier,Northwest
Boston,Vermilion,Acadiana
Boudreaux,Terrebonne,Bayou
Bourg,Terrebonne,Bayou
Boutte,St. Charles,Southeast
Bowie,East Carroll,Northeast
Boyce,Rapides,Central
Braithwaite,Plaquemines,Southeast
Branch,Acadia,Acadiana
Brandon,West Feliciana,Capital
Brannon,Iberia,Acadiana
Breaux Bridge,St. Martin,Acadiana
Breezy Hill,Grant,Central
Bridge City,Jefferson,Southeast
Brignac,Ascension,Capital
Bristol,St. Landry,Acadiana
Brittany,Ascension,Capital
Broadmoor,Lafayette,Acadiana
Brooks,Pointe Coupee,Capital
Broussard,Avoyelles,Central
Broussard,Lafayette,Acadiana
Brousville,Iberia,Acadiana
Brown,Bienville,Northwest
Brownell,Franklin,Northeast
Brownfields,East Baton Rouge,Capital
Brownsville- Bawcomville,Ouachita,Northeast
Brownview,Pointe Coupee,Capital
Brule Guillot,Lafourche,Bayou
Bruly La Croix,Iberville,Capital
Bruly St. Martin,Assumption,Bayou
Brusly,West Baton Rouge,Capital
Bryceland,Bienville,Northwest
Buckeye,Rapides,Central
Buckner,Richland,Northeast
Bueche,West Baton Rouge,Capital
Buhler,Calcasieu,Southwest
Bundick,Beauregard,Southwest
Bunkie,Avoyelles,Central
Buras-Triumph,Plaquemines,Southeast
Burbridge,Plaquemines,Southeast
Burke,Iberia,Acadiana
Burns,St. Mary,Bayou
Burnside,Ascension,Capital
Burr Ferry,Vernon,Central
Burrwood,Plaquemines,Southeast
Burtville,East Baton Rouge,Capital
Bush,St. Tammany,Southeast
Bushes,Franklin,Northeast
Butte La Rose,St. Martin,Acadiana
Caddo,Caddo,Northwest
Cade,St. Martin,Acadiana
Cadeville,Ouachita,Northeast
Caernarvon,St. Bernard,Southeast
Calcasieu,Rapides,Central
Calhoun,Ouachita,Northeast
Calumet,St. Mary,Bayou
Calvin,Winn,Central
Camardelle,St. Charles,Southeast
Cameron,Cameron,Southwest
Cameron Farms,Cameron,Southwest
Camp,Claiborne,Northwest
Camp Dewey,Plaquemines,Southeast
Campti,Natchitoches,Northwest
Cancienne,Assumption,Bayou
Canebrake,Concordia,Central
Caney,Vernon,Central
Cankton,St. Landry,Acadiana
Carencro,Lafayette,Acadiana
Carlisle,Plaquemines,Southeast
Carlyss,Calcasieu,Southwest
Carmel,DeSoto,Northwest
Carney,West Feliciana,Capital
Carroll,Red River,Northwest
Carterville,Bossier,Northwest
Carville,Iberville,Capital
Caspiana,Caddo,Northwest
Cassandria,Avoyelles,Central
Castor,Bienville,Northwest
Catahoula,St. Martin,Acadiana
Catahoula Cove,St. Martin,Acadiana
Catuna,DeSoto,Northwest
Cecil,Union,Northeast
Cecile,Caddo,Northwest
Cecilia,St. Martin,Acadiana
Cedar Grove,Plaquemines,Southeast
Cedarton,Lincoln,Northwest
Center Point,Avoyelles,Central
Centerville,Evangeline,Acadiana
Centerville,St. Mary,Bayou
Central,St. James,Southeast
Central,Terrebonne,Bayou
Central,East Baton Rouge,Capital
Chacahoula,Terrebonne,Bayou
Chackbay,Lafourche,Bayou
Chalmette,St. Bernard,Southeast
Chamberlin,West Baton Rouge,Capital
Charenton,St. Mary,Bayou
Charlieville,Richland,Northeast
Chase,Franklin,Northeast
Chataignier,Evangeline,Acadiana
Chatham,Jackson,Northwest
Chautauqua Springs,Lincoln,Northwest
Chauvin,Terrebonne,Bayou
Chef Menteur,Orleans,Southeast
Chenal,Pointe Coupee,Capital
Cheneyville,Rapides,Central
Cheniere,Ouachita,Northeast
Cheniere au Tigre,Vermilion,Acadiana
Chesbrough,Tangipahoa,Southeast
Chestnut,Natchitoches,Northwest
Chickasaw,West Carroll,Northeast
China,Jefferson Davis,Southwest
Chinchuba,St. Tammany,Southeast
Chipola,St. Helena,Capital
Chloe,Calcasieu,Southwest
Choctaw,Lafourche,Bayou
Chopin,Natchitoches,Northwest
Choudrant,Lincoln,Northwest
Church Point,Acadia,Acadiana
Cinclare,West Baton Rouge,Capital
City Price,Plaquemines,Southeast
Claiborne,Ouachita,Northeast
Claiborne,Claiborne,Northwest
Clare,Sabine,Northwest
Clarence,Natchitoches,Northwest
Clarks,Caldwell,Northeast
Clay,Jackson,Northwest
Clayton,Concordia,Central
Clear Lake,Natchitoches,Northwest
Clear Water,Evangeline,Acadiana
Clifton,Rapides,Central
Clifton,Washington,Southeast
Clinton,East Feliciana,Capital
Clio,Livingston,Capital
Cloutierville,Natchitoches,Northwest
Coburn,Sabine,Northwest
Cocke,Terrebonne,Bayou
Cocodrie,Terrebonne,Bayou
Cocoville,Avoyelles,Central
Coldwater,Winn,Central
Cole,East Feliciana,Capital
Coleman,Madison,Northeast
Colfax,Grant,Central
Collinsburg,Bossier,Northwest
Collinston,Morehouse,Northeast
Colquitt,Claiborne,Northwest
Colsons,Union,Northeast
Columbia,Caldwell,Northeast
Columbus,Sabine,Northwest
Comite,East Baton Rouge,Capital
Como,Franklin,Northeast
Concession,Plaquemines,Southeast
Concord,West Carroll,Northeast
Convent,St. James,Southeast
Converse,Sabine,Northwest
Conway,Union,Northeast
Coochie,Concordia,Central
Coon,Pointe Coupee,Capital
Coopers,Vernon,Central
Cooter Point,Tensas,Northeast
Copenhagen,Caldwell,Northeast
Cora,Vernon,Central
Corey,Caldwell,Northeast
Corinth,Lincoln,Northwest
Cornor,West Feliciana,Capital
Cossinade,Vermilion,Acadiana
Coteau Holmes,St. Martin,Acadiana
Cotton Plant,Caldwell,Northeast
Cotton Valley,Webster,Northwest
Cottonport,Avoyelles,Central
Couchwood,Webster,Northwest
Couley,Winn,Central
Coushatta,Red River,Northwest
Covington,St. Tammany,Southeast
Cow Island,Vermilion,Acadiana
Crane,Rapides,Central
Cravens,Vernon,Central
Creola,Grant,Central
Creole,Cameron,Southwest
Crescent,Iberville,Capital
Creston,Natchitoches,Northwest
Crew Lake,Richland,Northeast
Crews,Winn,Central
Crichton,Red River,Northwest
Crimea,Tensas,Northeast
Cross Roads,Red River,Northwest
Crowley,Acadia,Acadiana
Crown Point,Jefferson,Southeast
Crowville,Franklin,Northeast
Crozier,Terrebonne,Bayou
Cullen,Webster,Northwest
Curtis,Bossier,Northwest
Cut Off,Lafourche,Bayou
Cutoff,Orleans,Southeast
Cypress,Natchitoches,Northwest
Dalcour,Plaquemines,Southeast
Danville,Bienville,Northwest
D'Arbonne,Union,Northeast
Darlington,St. Helena,Capital
Darnell,West Carroll,Northeast
Darrow,Ascension,Capital
Davant,Plaquemines,Southeast
De Loutre,Union,Northeast
Dean,Union,Northeast
Dearborn,Tensas,Northeast
Deer Park,Concordia,Central
Deer Range,Plaquemines,Southeast
Deerford,East Baton Rouge,Capital
Dehlco,Richland,Northeast
Delacambre,Iberia Vermilion,Acadiana
Delacroix,St. Bernard,Southeast
Delhi,Richland,Northeast
Delombre,East Feliciana,Capital
Delta,Madison,Northeast
Delta Farms,Lafourche,Bayou
Deltabridge,Tensas,Northeast
Denham Springs,Livingston,Capital
Dennis Mills,St. Helena,Capital
Denson,Livingston,Capital
DeQuincy,Calcasieu,Southwest
DeRidder,Beauregard,Southwest
Derouen,Iberia,Acadiana
Derry,Natchitoches,Northwest
Des Allemands,St. Charles,Southeast
Deshotels,St. Landry,Acadiana
Dess,Sabine,Northwest
Destrehan,St. Charles,Southeast
Deville,Rapides,Central
Diamond,Plaquemines,Southeast
Dido,Vernon,Central
Dixie,Caddo,Northwest
Dixie Inn,Webster,Northwest
Dodson,Winn,Central
Donaldsonville,Ascension,Capital
Donner,Terrebonne,Bayou
Dorcheat,Webster,Northwest
Dorig,Richland,Northeast
Dorseyville,Iberville,Capital
Dossman,Evangeline,Acadiana
Douglas,Lincoln,Northwest
Downsville,Union,Northeast
Doyline,Webster,Northwest
Drew,Ouachita,Northeast
Dry Creek,Beauregard,Southwest
Dry Prong,Grant,Central
Dubach,Lincoln,Northwest
Dubberly,Webster,Northwest
Dubuisson,Pointe Coupee,Capital
Dulac,Terrebonne,Bayou
Dunbarton,Concordia,Central
Dunlap,Avoyelles,Central
Dunn,Richland,Northeast
Duplessis,Ascension,Capital
Dupont,Avoyelles,Central
Dupont,Pointe Coupee,Capital
Duson,Lafayette,Acadiana
Dutch Town,Ascension,Capital
Duty,Catahoula,Central
Duvic,Plaquemines,Southeast
Dykesville,Claiborne,Northwest
East Hodge,Jackson,Northwest
East Point,Red River,Northwest
Easton,Evangeline,Acadiana
Eastwood,Bossier,Northwest
Ecco,Webster,Northwest
Echo,Rapides,Central
Eden,La Salle,Central
Eden Isle,St. Tammany,Southeast
Edgard,St. John the Baptist,Southeast
Edgefield,Red River,Northwest
Edgerly,Calcasieu,Southwest
Edna,Jefferson Davis,Southwest
Effie,Avoyelles,Central
Egan,Acadia,Acadiana
Elam,Franklin,Northeast
Elba,St. Landry,Acadiana
Elizabeth,Allen,Southwest
Elkhorn,Concordia,Central
Ellendale,Terrebonne,Bayou
Ellerslie,St. Mary,Bayou
Ellis,Acadia,Acadiana
Ellsworth,Terrebonne,Bayou
Elm Grove,Bossier,Northwest
Elm Park,West Feliciana,Capital
Elmer,Rapides,Central
Elmwood,Jefferson,Southeast
Elton,Jefferson Davis,Southwest
Empire,Plaquemines,Southeast
English Lookout,St. Tammany,Southeast
English Turn,Plaquemines,Southeast
Enoka,Madison,Northeast
Enon,Washington,Southeast
Enterprise,Catahoula,Central
Eola,Avoyelles,Central
Epps,West Carroll,Northeast
Erath,Vermilion,Acadiana
Eros,Jackson,Northwest
Erwinville,West Baton Rouge,Capital
Essen,East Baton Rouge,Capital
Estelle,Jefferson,Southeast
Esther,Vermilion,Acadiana
Estherwood,Acadia,Acadiana
Esto,Sabine,Northwest
Ethel,East Feliciana,Capital
Eunice,St. Landry,Acadiana
Eureka,Ouachita,Northeast
Eva,Concordia,Central
Evangeline,Acadia,Acadiana
Evangeline,Evangeline,Acadiana
Evans,Vernon,Central
Evelyn,DeSoto,Northwest
Evergreen,Avoyelles,Central
Ewing,Lafourche,Bayou
Extension,Franklin,Northeast
Fairbanks,Ouachita,Northeast
Faircloth,Grant,Central
Fairview,Concordia,Central
Farmerville,Union,Northeast
Felixville,East Feliciana,Capital
Felps,East Feliciana,Capital
Fenris,Evangeline,Acadiana
Fenton,Jefferson Davis,Southwest
Ferguson,Bossier,Northwest
Ferriday,Concordia,Central
Ferry Lake,Caddo,Northwest
Fields,Beauregard,Southwest
Fillmore,Bossier,Northwest
Fisher,Sabine,Northwest
Fishville,Grant,Central
Flat Creek,Winn,Central
Flatwoods,Rapides,Central
Flora,Natchitoches,Northwest
Florenville,St. Tammany,Southeast
Florien,Sabine,Northwest
Flournoy,Caddo,Northwest
Floyd,West Carroll,Northeast
Fluker,Tangipahoa,Southeast
Foley,Allen,Southwest
Folsom,St. Tammany,Southeast
Fondale,Ouachita,Northeast
Fontenot,Allen,Southwest
Forbing,Caddo,Northwest
Fordoche,Pointe Coupee,Capital
Foremans Hall,Jefferson Davis,Southwest
Forest,West Carroll,Northeast
Forest Hill,Rapides,Central
Forked Island,Vermilion,Acadiana
Forksville,Ouachita,Northeast
Fort Jesup,Sabine,Northwest
Fort Necessity,Franklin,Northeast
Fort Polk North,Vernon,Central
Fort Polk South,Vernon,Central
Fort St. Philip,Plaquemines,Southeast
Foules,Catahoula,Central
Four Corners,St. Mary,Bayou
Four Forks,Caddo,Northwest
Fowler,Ouachita,Northeast
Franklin,St. Mary,Bayou
Franklinton,Washington,Southeast
Fred,East Baton Rouge,Capital
Freetown,Assumption,Bayou
French Settlement,Livingston,Capital
Frenier,St. John the Baptist,Southeast
Frey,Acadia,Acadiana
Friendship,Bienville,Northwest
Frierson,DeSoto,Northwest
Frisco,Pointe Coupee,Capital
Frogmore,Concordia,Central
Frost,Livingston,Capital
Fryeburg,Bienville,Northwest
Fullerton,Vernon,Central
Fulton,Beauregard,Southwest
Funston,DeSoto,Northwest
Gaars Mills,Winn,Central
Gahagan,Red River,Northwest
Galbraith,Natchitoches,Northwest
Galliano,Lafourche,Bayou
Gallion,Morehouse,Northeast
Galva,St. John the Baptist,Southeast
Galvez,Ascension,Capital
Gandy,Sabine,Northwest
Gansville,Winn,Central
Garden City,St. Mary,Bayou
Gardere,East Baton Rouge,Capital
Gardner,Rapides,Central
Garyville,St. John the Baptist,Southeast
Gas Spur,Webster,Northwest
Gassoway,East Carroll,Northeast
Gayles,Caddo,Northwest
Ged,Calcasieu,Southwest
Geismar,Ascension,Capital
Genesee,Tangipahoa,Southeast
Georgetown,Grant,Central
Georgeville,St. Helena,Capital
Gheens,Lafourche,Bayou
Gibbstown,Cameron,Southwest
Gibsland,Bienville,Northwest
Gibson,Terrebonne,Bayou
Gilark,Webster,Northwest
Gilbert,Franklin,Northeast
Gilead,East Feliciana,Capital
Gilliam,Caddo,Northwest
Gillis,Calcasieu,Southwest
Girard,Richland,Northeast
Glade,Catahoula,Central
Glasscock,Concordia,Central
Glencoe,St. Mary,Bayou
Glenmora,Rapides,Central
Glenwild,St. Mary,Bayou
Gloster,DeSoto,Northwest
Glynn,Pointe Coupee,Capital
Gold Dust,Avoyelles,Central
Golden Meadow,Lafourche,Bayou
Goldman,Tensas,Northeast
Goldonna,Natchitoches,Northwest
Goldridge,Iberville,Capital
Gonzales,Ascension,Capital
Good Hope,St. Charles,Southeast
Good Pine,LaSalle,Central
Goodbee,St. Tammany,Southeast
Goodwill,West Carroll,Northeast
Gordon,Claiborne,Northwest
Gordy,St. Mary,Bayou
Gorum,Natchitoches,Northwest
Goss,DeSoto,Northwest
Goudeau,Avoyelles,Central
Graham,Rapides,Central
Grambling,Lincoln,Northwest
Gramercy,St. James,Southeast
Grand Bayou,Assumption,Bayou
Grand Bayou,Red River,Northwest
Grand Cane,DeSoto,Northwest
Grand Cheniere,Cameron,Southwest
Grand Coteau,St. Landry,Acadiana
Grand Ecaille,Plaquemines,Southeast
Grand Ecore,Natchitoches,Northwest
Grand Isle,Jefferson,Southeast
Grand Lake,Cameron,Southwest
Grand Prairie,St. Landry,Acadiana
Grangeville,St. Helena,Capital
Grant,Allen,Southwest
Grappes Bluff,Natchitoches,Northwest
Gray,Terrebonne,Bayou
Grays,East Feliciana,Capital
Grayson,Caldwell,Northeast
Greenlaw,Tangipahoa,Southeast
Greens Ditch,Orleans,Southeast
Greensburg,St. Helena,Capital
Greenwell Springs,East Baton Rouge,Capital
Greenwood,Plaquemines,Southeast
Greenwood,Terrebonne,Bayou
Greenwood,Caddo,Northwest
Gretna,Jefferson,Southeast
Griffin,Franklin,Northeast
Grimes,East Carroll,Northeast
Grosse Isle,Vermilion,Acadiana
Grosse Tete,Iberville,Capital
Grove,Webster,Northwest
Gueydan,Vermilion,Acadiana
Gullett,Tangipahoa,Southeast
Gum Ridge,Morehouse,Northeast
Gurley,East Feliciana,Capital
Guthrie,Ouachita,Northeast
Guy,Allen,Southwest
Guyton,Ouachita,Northeast
Haas,Avoyelles,Central
Hackberry,Cameron,Southwest
Hackley,Washington,Southeast
Haddens,Vernon,Central
Hagewood,Natchitoches,Northwest
Hahnville,St. Charles,Southeast
Haile,Union,Northeast
Hall Summit,Red River,Northwest
Hamburg,Avoyelles,Central
Hammock,Ouachita,Northeast
Hammond,Tangipahoa,Southeast
Hanna,Red River,Northwest
Happy Jack,Plaquemines,Southeast
Harahan,Jefferson,Southeast
Hardwood,West Feliciana,Capital
Harelson,East Baton Rouge,Capital
Hargis,Grant,Central
Harmon,Red River,Northwest
Harris,Natchitoches,Northwest
Harrisonburg,Catahoula,Central
Harvey,Jefferson,Southeast
Hathaway,Jefferson Davis,Southwest
Haughton,Bossier,Northwest
Hawthorn,Vernon,Central
Hayes,Calcasieu,Southwest
Haynesville,Claiborne,Northwest
Hazelwood,St. Landry,Acadiana
Head of Island,Livingston,Capital
Hebert,Caldwell,Northeast
Hecker,Calcasieu,Southwest
Hedgeland,Tensas,Northeast
Heflin,Webster,Northwest
Helena,Tensas,Northeast
Henderson,St. Martin,Acadiana
Henry,Vermilion,Acadiana
Hermitage,Pointe Coupee,Capital
Hessmer,Avoyelles,Central
Hester,St. James,Southeast
Hickory,Avoyelles,Central
Hickory,St. Tammany,Southeast
Hickory Valley,Winn,Central
Hicks,Vernon,Central
Hico,Lincoln,Northwest
Highland,East Carroll,Northeast
Highland,Tensas,Northeast
Hill,Winn,Central
Hillsdale,St. Helena,Capital
Hilltop,Jackson,Northwest
Hilly,Lincoln,Northwest
Hineston,Rapides,Central
Hobart,Ascension,Capital
Hodge,Jackson,Northwest
Hohen Solms,Ascension,Capital
Holden,Livingston,Capital
Holloway,Rapides,Central
Holly,DeSoto,Northwest
Holly Beach,Cameron,Southwest
Holly Grove,Franklin,Northeast
Holly Ridge,Richland,Northeast
Holly Ridge,Tensas,Northeast
Hollywood,Terrebonne,Bayou
Hollywood,West Feliciana,Capital
Holmwood,Calcasieu,Southwest
Holton,Tangipahoa,Southeast
Holum,Caldwell,Northeast
Homeplace,Plaquemines,Southeast
Homer,Claiborne,Northwest
Hoods Mill,Jackson,Northwest
Hope Villa,Ascension,Capital
Hopedale,St. Bernard,Southeast
Hornbeck,Vernon,Central
Hortman,Webster,Northwest
Hosston,Caddo,Northwest
Hot Wells,Rapides,Central
Houltonville,St. Tammany,Southeast
Houma,Terrebonne,Bayou
Houston River,Calcasieu,Southwest
Howard,Red River,Northwest
Howcott,Grant,Central
Howell,East Baton Rouge,Capital
Hudson,Winn,Central
Hughes,Bossier,Northwest
Humphreys,Terrebonne,Bayou
Hunter,DeSoto,Northwest
Hurricane,Claiborne,Northwest
Husser,Tangipahoa,Southeast
Hutton,Vernon,Central
Hygeia,St. Tammany,Southeast
Hymel,St. James,Southeast
Iberia,Iberia,Acadiana
Iberville,Iberville,Capital
Ida,Caddo,Northwest
Idlewild,St. Mary,Bayou
Independence,Tangipahoa,Southeast
Indian Bayou,Vermilion,Acadiana
Indian Mound,East Baton Rouge,Capital
Indian Village,Allen,Southwest
Indian Village,Iberville,Capital
Indian Village,Ouachita,Northeast
Innis,Pointe Coupee,Capital
Inniswold,East Baton Rouge,Capital
Intracoastal City,Vermilion,Acadiana
Invincible,Webster,Northwest
Iota,Acadia,Acadiana
Iowa,Calcasieu,Southwest
Irene,East Baton Rouge,Capital
Irish Bend,St. Mary,Bayou
Irma,Natchitoches,Northwest
Isabel,Washington,Southeast
Isle Labbe,St. Martin,Acadiana
Ivan,Bossier,Northwest
Jack,St. Helena,Capital
Jack Millers,Iberville,Capital
Jackson,East Feliciana,Capital
Jacoby,Pointe Coupee,Capital
Jamestown,Bienville,Northwest
Janie,Natchitoches,Northwest
Jarreau,Pointe Coupee,Capital
Jean Lafitte,Jefferson,Southeast
Jeanerette,Iberia,Acadiana
Jefferson,Jefferson,Southeast
Jefferson Island,Iberia,Acadiana
Jena,LaSalle,Central
Jenkins,Washington,Southeast
Jennings,Jefferson Davis,Southwest
Jesuit's Bend,Plaquemines,Southeast
Jigger,Franklin,Northeast
Johnson,St. John the Baptist,Southeast
Johnsons Bayou,Cameron,Southwest
Jones,Morehouse,Northeast
Jonesboro,Jackson,Northwest
Jonesburg,Richland,Northeast
Jonesville,Catahoula,Central
Jordan Hill,Winn,Central
Jourda,St. Bernard,Southeast
Joyce,Winn,Central
Juanita,Beauregard,Southwest
Junction City,Union,Northeast
Justina,Tensas,Northeast
Kadesh,Grant,Central
Kahns,West Baton Rouge,Capital
Kaplan,Vermilion,Acadiana
Kateland,Grant,Central
Katy,St. Mary,Bayou
Keatchie,DeSoto,Northwest
Keithville,Caddo,Northwest
Kelleys,Jackson,Northwest
Kelly,Caldwell,Northeast
Kenilworth,St. Bernard,Southeast
Kenner,Jefferson,Southeast
Kentwood,Tangipahoa,Southeast
Kernan,Beauregard,Southwest
Keystone,St. Martin,Acadiana
Kilbourne,West Carroll,Northeast
Killian,Livingston,Capital
Killona,St. Charles,Southeast
Kinder,Allen,Southwest
King,Madison,Northeast
Kingston,DeSoto,Northwest
Kisatchie,Natchitoches,Northwest
Kleinpeter,East Baton Rouge,Capital
Klotzville,Assumption,Bayou
Knapp,Pointe Coupee,Capital
Knight,Vernon,Central
Kolin,Rapides,Central
Koran,Bossier,Northwest
Kraemer,Lafourche,Bayou
Krotz Springs,St. Landry,Acadiana
Kurthwood,Vernon,Central
La Branche,St. Charles,Southeast
La Rosen,Caddo,Northwest
Labadieville,Assumption,Bayou
Labarre,Pointe Coupee,Capital
Lacamp,Vernon,Central
Lacassine,Jefferson Davis,Southwest
Lachute,Caddo,Northwest
Lacombe,St. Tammany,Southeast
Lacour,Pointe Coupee,Capital
Lafayette,Lafayette,Acadiana
Lafitte,Jefferson,Southeast
Lafourche,Lafourche,Bayou
Lafourche,Lafourche,Bayou
Lagan,St. James,Southeast
Lake,Ascension,Capital
Lake Arthur,Jefferson Davis,Southwest
Lake Bridge,Terrebonne,Bayou
Lake Bruin,Tensas,Northeast
Lake Catherine,Orleans,Southeast
Lake Charles,Calcasieu,Southwest
Lake End,Red River,Northwest
Lake Providence,East Carroll,Northeast
Lake St. John,Concordia,Central
Lakeland,Pointe Coupee,Capital
Lakeview,Natchitoches,Northwest
Lamar,Franklin,Northeast
Lamkin,Ouachita,Northeast
Lamourie,Rapides,Central
Landry,Lafayette,Acadiana
Langston,Claiborne,Northwest
Lapine,Ouachita,Northeast
LaPlace,St. John the Baptist,Southeast
Laran,Union,Northeast
L'Argent,Concordia,Central
Larose,Lafourche,Bayou
Larto,Catahoula,Central
LaSalle,LaSalle,Central
Latanier,Rapides,Central
Lauderdale,Allen,Southwest
Lauderdale,St. James,Southeast
Laurel Grove,Lafourche,Bayou
Laurel Hill,West Feliciana,Capital
Lavacca,Catahoula,Central
Lawhon,Bienville,Northwest
Lawtell,St. Landry,Acadiana
Le Blanc,Allen,Southwest
Le Moyen,St. Landry,Acadiana
Leander,Vernon,Central
Lebanon,East Carroll,Northeast
Lebeau,St. Landry,Acadiana
Lecompte,Rapides,Central
Lee,Orleans,Southeast
Lee Bayou,Catahoula,Central
Lees Creek,Washington,Southeast
Lees Landing,Tangipahoa,Southeast
Leesville,Vernon,Central
Leeville,Lafourche,Bayou
Legonier,Pointe Coupee,Capital
Leighton,Lafourche,Bayou
Leland,Catahoula,Central
Lelieux,Vermilion,Acadiana
Lena,Rapides,Central
Leonville,St. Landry,Acadiana
Leroy,Vermilion,Acadiana
Leton,Webster,Northwest
Lettsworth,Pointe Coupee,Capital
Levert,St. Martin,Acadiana
Lewis,Caddo,Northwest
Lewisburg,St. Landry,Acadiana
Lewisburg,St. Tammany,Southeast
Lewiston,Tangipahoa,Southeast
Liberty,Red River,Northwest
Liberty Hill,Bienville,Northwest
Libuse,Rapides,Central
Liddieville,Franklin,Northeast
Lillie,Union,Northeast
Lincecum,Grant,Central
Lincoln,Lincoln,Northwest
Lindsay,East Feliciana,Capital
Linville,Union,Northeast
Lions,St. John the Baptist,Southeast
Lisbon,Claiborne,Northwest
Lismore,Concordia,Central
Litroe,Union,Northeast
Little Creek,LaSalle,Central
Little Temple,Jefferson,Southeast
Little Texas,Assumption,Bayou
Littlewoods,Orleans,Southeast
Live Oak,Plaquemines,Southeast
Liverpool,St. Helena,Capital
Livingston,Livingston,Capital
Livonia,Pointe Coupee,Capital
Lobdell,West Baton Rouge,Capital
Loch Lomond,Union,Northeast
Lockhart,Union,Northeast
Lockport,Lafourche,Bayou
Locust Ridge,Tensas,Northeast
Log Cabin,Morehouse,Northeast
Logansport,DeSoto,Northwest
Loggy Bayou,Red River,Northwest
Logtown,Ouachita,Northeast
Loisel,Iberia,Acadiana
Lone Star,Iberville,Capital
Lone Star,St. Charles,Southeast
Lonepine,Evangeline,Acadiana
Long Bridge,Avoyelles,Central
Longleaf,Rapides,Central
Longstreet,DeSoto,Northwest
Longview,Franklin,Northeast
Longville,Beauregard,Southwest
Longwood,East Baton Rouge,Capital
Loranger,Tangipahoa,Southeast
Loreauville,Iberia,Acadiana
Lorelein,Franklin,Northeast
Lorraine,Caddo,Northwest
Lottie,Pointe Coupee,Capital
Lotus,Natchitoches,Northwest
Louisa,St. Mary,Bayou
Lower Vacherie,St. James,Southeast
Lowry,Cameron,Southwest
Loyd,Rapides,Central
Lucas,Caddo,Northwest
Lucas,Calcasieu,Southwest
Lucknow,Richland,Northeast
Lucky,Bienville,Northwest
Lucy,St. John the Baptist,Southeast
Ludevine,Lafourche,Bayou
Ludington,Beauregard,Southwest
Luella,Natchitoches,Northwest
Lula,DeSoto,Northwest
Luling,St. Charles,Southeast
Luna,Ouachita,Northeast
Lunita,Calcasieu,Southwest
Lutcher,St. James,Southeast
Lydia,Iberia,Acadiana
Lyons Point,Acadia,Acadiana
Mack,Vermilion,Acadiana
Macland,St. Landry,Acadiana
Madisonville,St. Tammany,Southeast
Magnolia,Assumption,Bayou
Magnolia,East Baton Rouge,Capital
Magnolia,Livingston,Capital
Magnolia,Natchitoches,Northwest
Magnolia,Plaquemines,Southeast
Mahon,Claiborne,Northwest
Maitland,Catahoula,Central
Mamou,Evangeline,Acadiana
Manchac,Tangipahoa,Southeast
Mandalay,Terrebonne,Bayou
Mandeville,St. Tammany,Southeast
Mangham,Richland,Northeast
Manifest,Catahoula,Central
Manila,Jefferson,Southeast
Mansfield,DeSoto,Northwest
Mansford,Madison,Northeast
Mansura,Avoyelles,Central
Many,Sabine,Northwest
Maplewood,Calcasieu,Southwest
Marco,Natchitoches,Northwest
Maringouin,Iberville,Capital
Marion,Union,Northeast
Markee,Vernon,Central
Marksville,Avoyelles,Central
Marrero,Jefferson,Southeast
Mars Hill,Winn,Central
Marsalis,Claiborne,Northwest
Marthaville,Natchitoches,Northwest
Martin,Red River,Northwest
Martin Junction,Webster,Northwest
Mason,Franklin,Northeast
Masters,Iberia,Acadiana
Mathews,Lafourche,Bayou
Maurepas,Livingston,Capital
Maurice,Vermilion,Acadiana
Maxie,Acadia,Acadiana
Mayna,Catahoula,Central
Mayo,Vernon,Central
Mayo Landing,Catahoula,Central
McCall,Ascension,Capital
McCrea,Pointe Coupee,Capital
McDade,Bossier,Northwest
McElroy,Ascension,Capital
McGinty,Morehouse,Northeast
McLain,Ouachita,Northeast
McManus,East Feliciana,Capital
McNary,Rapides,Central
McNutt,Rapides,Central
Meaux,Vermilion,Acadiana
Meeker,Rapides,Central
Melder,Rapides,Central
Melrose,Natchitoches,Northwest
Melville,St. Landry,Acadiana
Mer Rouge,Morehouse,Northeast
Meraux,St. Bernard,Southeast
Meridian,Evangeline,Acadiana
Merlin,West Baton Rouge,Capital
Mermentau,Acadia,Acadiana
Merrydale,East Baton Rouge,Capital
Merryville,Beauregard,Southwest
Messick,Natchitoches,Northwest
Metairie,Jefferson,Southeast
Methvin,Red River,Northwest
Metropolis,Franklin,Northeast
Michoud,Orleans,Southeast
Midland,Acadia,Acadiana
Midway,Bossier,Northwest
Midway,LaSalle,Central
Midway,St. Mary,Bayou
Mill,Winn,Central
Milldale,East Baton Rouge,Capital
Millerton,Claiborne,Northwest
Millerville,Acadia,Acadiana
Millerville,East Baton Rouge,Capital
Millhaven,Ouachita,Northeast
Millikin,East Carroll,Northeast
Milton,Lafayette,Acadiana
Mimosa Park,St. Charles,Southeast
Minden,Webster,Northwest
Minerva,Terrebonne,Bayou
Mink,Natchitoches,Northwest
Mira,Caddo,Northwest
Mire,Acadia,Acadiana
Mitchell,Sabine,Northwest
Mitchiner,Richland,Northeast
Mittie,Allen,Southwest
Mix,Pointe Coupee,Capital
Modeste,Ascension,Capital
Moncla,Avoyelles,Central
Monroe,Ouachita,Northeast
Montegut,Terrebonne,Bayou
Monterey,Concordia,Central
Montgomery,Grant,Central
Monticello,East Carroll,Northeast
Montpelier,St. Helena,Capital
Montrose,Natchitoches,Northwest
Montz,St. Charles,Southeast
Moore,Winn,Central
Mooringsport,Caddo,Northwest
Mora,Natchitoches,Northwest
Moreauville,Avoyelles,Central
Moreland,Rapides,Central
Morgan City,St. Mary,Bayou
Morganza,Pointe Coupee,Capital
Morrow,St. Landry,Acadiana
Morse,Acadia,Acadiana
Morvant,Lafourche,Bayou
Moss Bluff,Calcasieu,Southwest
Moss Lake,Calcasieu,Southwest
Mossville,Calcasieu,Southwest
Mot,Bossier,Northwest
Mound,Madison,Northeast
Mount Airy,St. John the Baptist,Southeast
Mount Carmel,Sabine,Northwest
Mount Hermon,Washington,Southeast
Mount Lebanon,Bienville,Northwest
Mount Olive,Bienville,Northwest
Mount Pleasant,Caldwell,Northeast
Mount Zion,Winn,Central
Mowata,Acadia,Acadiana
Mudville,Grant,Central
Mulberry,Terrebonne,Bayou
Mulvey,Vermilion,Acadiana
Musson,Iberville,Capital
Myrtis,Caddo,Northwest
Myrtle Grove,Plaquemines,Southeast
Naborton,DeSoto,Northwest
Nairn,Plaquemines,Southeast
Naomi,Plaquemines,Southeast
Napoleonville,Assumption,Bayou
Natalbany,Tangipahoa,Southeast
Natchez,Natchitoches,Northwest
Natchitoches,Natchitoches,Northwest
Neame,Vernon,Central
Nebo,LaSalle,Central
Negreet,Sabine,Northwest
Nero,Plaquemines,Southeast
Nesom,East Feliciana,Capital
Nesser,East Baton Rouge,Capital
New Era,Concordia,Central
New Iberia,Iberia,Acadiana
New Light,Richland,Northeast
New Llano,Vernon,Central
New Orleans,Orleans,Southeast
New Roads,Pointe Coupee,Capital
New Sarpy,St. Charles,Southeast
New Verda,Grant,Central
Newblock,Morehouse,Northeast
Newellton,Tensas,Northeast
Newlight,Tensas,Northeast
Newton,Calcasieu,Southwest
Niblett,Jefferson Davis,Southwest
Nibletts Bluff,Calcasieu,Southwest
Nickel,LaSalle,Central
Nina,St. Martin,Acadiana
Ninock,Bossier,Northwest
Noble,Sabine,Northwest
Norah,Lafourche,Bayou
Norco,St. Charles,Southeast
North Bend,St. Mary,Bayou
North Hodge,Jackson,Northwest
North Shore,St. Tammany,Southeast
North Vacherie,St. James,Southeast
Norton Corner,Claiborne,Northwest
Norwood,East Feliciana,Capital
Nuba,St. Landry,Acadiana
Nunez,Vermilion,Acadiana
Oak Grove,Ascension,Capital
Oak Grove,Cameron,Southwest
Oak Grove,Grant,Central
Oak Grove,Lincoln,Northwest
Oak Grove,Sabine,Northwest
Oak Grove,West Carroll,Northeast
Oak Hills,East Baton Rouge,Capital
Oak Ridge,Morehouse,Northeast
Oakdale,Allen,Southwest
Oakland,Bossier,Northwest
Oakland,Union,Northeast
Oaklawn,St. Mary,Bayou
Oaklawn,St. Tammany,Southeast
Oakley,Assumption,Bayou
Oakley,Franklin,Northeast
Oaknolia,East Feliciana,Capital
Oakville,Plaquemines,Southeast
Oberlin,Allen,Southwest
Odenburg,Avoyelles,Central
Odra,Natchitoches,Northwest
Oil City,Caddo,Northwest
Okaloosa,Ouachita,Northeast
Old Athens,Claiborne,Northwest
Old Jefferson,East Baton Rouge,Capital
Old Shongaloo,Webster,Northwest
Oldfield,Livingston,Capital
Olga,Plaquemines,Southeast
Olive Branch,East Feliciana,Capital
Olivier,Iberia,Acadiana
Olla,LaSalle,Central
Ollie,Plaquemines,Southeast
Omega,Concordia,Central
Omega,Madison,Northeast
Onville,St. Tammany,Southeast
Opelousas,St. Landry,Acadiana
Oretta,Beauregard,Southwest
Oscar,Pointe Coupee,Capital
Osceola,Tangipahoa,Southeast
Ossun,Lafayette,Acadiana
Ostrica,Plaquemines,Southeast
Otis,Rapides,Central
Ouachita City,Union,Northeast
Oxford,DeSoto,Northwest
Oxford,St. Mary,Bayou
Packton,Winn,Central
Paincourtville,Assumption,Bayou
Palmetto,St. Landry,Acadiana
Paloma,East Feliciana,Capital
Panchoville,Jefferson Davis,Southwest
Paradis,St. Charles,Southeast
Parcperdue,Iberia,Acadiana
Parhams,Catahoula,Central
Parks,St. Martin,Acadiana
Patoutville,Iberville,Capital
Patterson,St. Mary,Bayou
Paulina,St. James,Southeast
Pearl River,St. Tammany,Southeast
Peason,Sabine,Northwest
Pecan Island,Vermilion,Acadiana
Pecaniere,St. Landry,Acadiana
Peck,Catahoula,Central
Pelican,DeSoto,Northwest
Perkins,Calcasieu,Southwest
Perry,Vermilion,Acadiana
Perryville,Ouachita,Northeast
Phillips,Ouachita,Northeast
Phoenix,Plaquemines,Southeast
Pickering,Vernon,Central
Pierre Part,Assumption,Bayou
Pierre Pass,Assumption,Bayou
Pigeon,Iberville,Capital
Pilette,Lafayette,Acadiana
Pilottown,Plaquemines,Southeast
Pine,Washington,Southeast
Pine Grove,Ouachita,Northeast
Pine Grove,St. Helena,Capital
Pine Island,Jefferson Davis,Southwest
Pine Prairie,Evangeline,Acadiana
Pine Ridge,Winn,Central
Pineville,Rapides,Central
Pioneer,West Carroll,Northeast
Pitkin,Vernon,Central
Pitreville,St. Landry,Acadiana
Plain Dealing,Bossier,Northwest
Plains,East Baton Rouge,Capital
Plainview,Livingston,Capital
Plaisance,St. Landry,Acadiana
Plaquemine,Iberville,Capital
Plattenville,Assumption,Bayou
Plaucheville,Avoyelles,Central
Pleasant Hill,Sabine,Northwest
Pleasant Valley,Ouachita,Northeast
Plettenberg,West Feliciana,Capital
Point,Union,Northeast
Point Barre,Terrebonne,Bayou
Point Blue,Evangeline,Acadiana
Point Clair,Iberville,Capital
Point Pleasant,Morehouse,Northeast
Point Pleasant,Tensas,Northeast
Pointe Coupee,Pointe Coupee,Capital
Pointe-a-la-Hache,Plaquemines,Southeast
Pointe-a-Saucisse,Terrebonne,Bayou
Poland,Rapides,Central
Pollock,Grant,Central
Ponchatoula,Tangipahoa,Southeast
Port Allen,West Baton Rouge,Capital
Port Barre,St. Landry,Acadiana
Port Eads,Plaquemines,Southeast
Port Hickey,East Baton Rouge,Capital
Port Hudson,East Baton Rouge,Capital
Port of New Iberia,Iberia,Acadiana
Port Sulphur,Plaquemines,Southeast
Port Vincent,Livingston,Capital
Potash,Plaquemines,Southeast
Powhatan,Natchitoches,Northwest
Poydras,St. Bernard,Southeast
Prairieville,Ascension,Capital
Pratt,Bienville,Northwest
Presque Isle,Terrebonne,Bayou
Preston,Caddo,Northwest
Prichard,Catahoula,Central
Pride,East Baton Rouge,Capital
Prien,Calcasieu,Southwest
Princeton,Bossier,Northwest
Provencal,Natchitoches,Northwest
Puckett,East Baton Rouge,Capital
Pumpkin Center,Tangipahoa,Southeast
Quaid,Catahoula,Central
Quarantine,Plaquemines,Southeast
Quarry,Rapides,Central
Quebec,Madison,Northeast
Quimby,Madison,Northeast
Quitman,Jackson,Northwest
Raceland,Lafourche,Bayou
Ragley,Beauregard,Southwest
Ramah,Iberville,Capital
Ramos,St. Mary,Bayou
Ramsay,St. Tammany,Southeast
Randolph,Union,Northeast
Rapides,Rapides,Central
Rattan,Sabine,Northwest
Raymond,Jefferson Davis,Southwest
Rayne,Acadia,Acadiana
Rayville,Richland,Northeast
Readheimer,Natchitoches,Northwest
Red Chute,Bossier,Northwest
Red Cross,Pointe Coupee,Capital
Red Fish,Avoyelles,Central
Red Gum,Concordia,Central
Reddell,Evangeline,Acadiana
Redland,Bossier,Northwest
Reeves,Allen,Southwest
Reggio,St. Bernard,Southeast
Reiley,East Feliciana,Capital
Reisor,Caddo,Northwest
Remy,St. James,Southeast
Reserve,St. John the Baptist,Southeast
Retreat,West Feliciana,Capital
Reveille,Iberville,Capital
Rhinehart,LaSalle,Central
Rhoda,St. Mary,Bayou
Riceville,Vermilion,Acadiana
Richard,Acadia,Acadiana
Richardson,Washington,Southeast
Richmond,Madison,Northeast
Richwood,Ouachita,Northeast
Riddle,West Feliciana,Capital
Ridge,Lafayette,Acadiana
Ridgecrest,Concordia,Central
Rigolets,Orleans,Southeast
Rilla,Ouachita,Northeast
Ringgold,Bienville,Northwest
Rio,Washington,Southeast
Rita,Lafourche,Bayou
River Ridge,Jefferson,Southeast
Riverton,Caldwell,Northeast
Roanoke,Jefferson Davis,Southwest
Robeline,Natchitoches,Northwest
Robert,Tangipahoa,Southeast
Roberts Cove,Acadia,Acadiana
Robson,Caddo,Northwest
Rochelle,Grant,Central
Rocky Mount,Bossier,Northwest
Rodessa,Caddo,Northwest
Rodgerville,Jefferson Davis,Southwest
Rogers,LaSalle,Central
Rogillioville,West Feliciana,Capital
Romeville,St. James,Southeast
Roosevelt,East Carroll,Northeast
Rork,Acadia,Acadiana
Rosa,St. Landry,Acadiana
Rose Hill,Vermilion,Acadiana
Rosedale,Iberville,Capital
Rosefield,Catahoula,Central
Roseland,Tangipahoa,Southeast
Rosepine,Vernon,Central
Rossignol,Calcasieu,Southwest
Rougon,Pointe Coupee,Capital
Rousseau,Lafourche,Bayou
Roxana,Rapides,Central
Roy,Bienville,Northwest
Ruby,Rapides,Central
Ruddock,St. John the Baptist,Southeast
Rum Center,Union,Northeast
Ruston,Lincoln,Northwest
Ruth,St. Martin,Acadiana
Sailes,Bienville,Northwest
Saline,Bienville,Northwest
Samstown,Iberville,Capital
Sandel,Sabine,Northwest
Saranac,Tensas,Northeast
Sardis,Sabine,Northwest
Sarepta,Webster,Northwest
Satsuma,Livingston,Capital
Savoie,Lafourche,Bayou
Savoy,St. Landry,Acadiana
Scarsdale,Plaquemines,Southeast
Schriever,Terrebonne,Bayou
Scotlandville,East Baton Rouge,Capital
Scott,Lafayette,Acadiana
Scottsville,Claiborne,Northwest
Searcy,LaSalle,Central
Security,Catahoula,Central
Sellers,St. Charles,Southeast
Selma,Grant,Central
Serena,Catahoula,Central
Seymourville,Iberville,Capital
Shamrock,Natchitoches,Northwest
Sharon,Claiborne,Northwest
Sharp,East Baton Rouge,Capital
Shaw,Concordia,Central
Shelburn,East Carroll,Northeast
Shell Beach,St. Bernard,Southeast
Shelton,Morehouse,Northeast
Shenandoah,East Baton Rouge,Capital
Sherburne,Pointe Coupee,Capital
Sheridan,Washington,Southeast
Sherwood,Catahoula,Central
Shiloh,Tangipahoa,Southeast
Shiloh,Union,Northeast
Shongaloo,Webster,Northwest
Shreveport,Caddo,Northwest
Shuteston,St. Landry,Acadiana
Sibley,Lincoln,Northwest
Sibley,Webster,Northwest
Sicard,Ouachita,Northeast
Sicily Island,Catahoula,Central
Sieper,Rapides,Central
Sikes,Winn,Central
Silverwood,Jefferson Davis,Southwest
Simmesport,Avoyelles,Central
Simms,Grant,Central
Simpson,Vernon,Central
Simsboro,Lincoln,Northwest
Singer,Beauregard,Southwest
Slagle,Vernon,Central
Slaughter,East Feliciana,Capital
Slidell,St. Tammany,Southeast
Sligo,Bossier,Northwest
Slocum,Concordia,Central
Slone,DeSoto,Northwest
Smoke Bend,Ascension,Capital
Socola,Plaquemines,Southeast
Solitude,West Feliciana,Capital
Somerset,Tensas,Northeast
Sondheimer,East Carroll,Northeast
Sorrel,St. Mary,Bayou
Sorrento,Ascension,Capital
Soulouque,Iberville,Capital
South Vacherie,St. James,Southeast
South Bend,St. Mary,Bayou
South Mansfield,DeSoto,Northwest
South Point,Orleans,Southeast
Sparta,Bienville,Northwest
Spaulding,Caldwell,Northeast
Spearsville,Union,Northeast
Spencer,Union,Northeast
Spillman,West Feliciana,Capital
Spokane,Concordia,Central
Spring Creek,Tangipahoa,Southeast
Spring Ridge,Caddo,Northwest
Springfield,Livingston,Capital
Springhill,Washington,Southeast
Springhill,Webster,Northwest
Springville,Livingston,Capital
St. Amant,Ascension,Capital
St. Amelia,St. James,Southeast
St. Benedict,St. Tammany,Southeast
St. Bernard,St. Bernard,Southeast
St. Charles,Lafourche,Bayou
St. Charles,St. Charles,Southeast
St. Clair,Plaquemines,Southeast
St. Francisville,West Feliciana,Capital
St. Gabriel,Iberville,Capital
St. Genevieve,Concordia,Central
St. James,St. James,Southeast
St. Joe,St. Tammany,Southeast
St. John,St. Martin,Acadiana
St. Joseph,Tensas,Northeast
St. Landry,Evangeline,Acadiana
St. Landry,St. Landry,Acadiana
St. Martin,St. Martin,Acadiana
St. Martinville,St. Martin,Acadiana
St. Maurice,Winn,Central
St. Rose,St. Charles,Southeast
St. Tammany,St. Tammany,Southeast
Stacy,Concordia,Central
Stampley,Morehouse,Northeast
Standard,LaSalle,Central
Standard,Vernon,Central
Stanley,DeSoto,Northwest
Stanton,Orleans,Southeast
Starhill,West Feliciana,Capital
Starks,Calcasieu,Southwest
Start,Richland,Northeast
State Line,Washington,Southeast
Stella,Plaquemines,Southeast
Sterlington,Ouachita,Northeast
Stevensdale,East Baton Rouge,Capital
Stevenson,Morehouse,Northeast
Stonewall,DeSoto,Northwest
Stonypoint,East Baton Rouge,Capital
Strader,Tangipahoa,Southeast
Sugar Creek,Claiborne,Northwest
Sugartown,Beauregard,Southwest
Sulphur,Calcasieu,Southwest
Sulphur Springs,Sabine,Northwest
Summerfield,Claiborne,Northwest
Summerfield,Grant,Central
Summerville,LaSalle,Central
Sun,St. Tammany,Southeast
Sunny Hill,Washington,Southeast
Sunrise,Terrebonne,Bayou
Sunrise,West Baton Rouge,Capital
Sunset,St. Landry,Acadiana
Sunshine,Iberville,Capital
Supreme,Assumption,Bayou
Swampers,Franklin,Northeast
Swartz,Ouachita,Northeast
Swayze Lake,St. Landry,Acadiana
Sweet Lake,Cameron,Southwest
Swords,St. Landry,Acadiana
Taft,St. Charles,Southeast
Talisheek,St. Tammany,Southeast
Talla Bena,Madison,Northeast
Tallulah,Madison,Northeast
Tangipahoa,Tangipahoa,Southeast
Tannehill,Winn,Central
Tate Cove,Evangeline,Acadiana
Taylor,Bienville,Northwest
Taylortown,Bossier,Northwest
Taylorville,Union,Northeast
Teddy,East Feliciana,Capital
Temple,Vernon,Central
Tendal,Madison,Northeast
Tensas Bluff,Tensas,Northeast
Terry,West Carroll,Northeast
Terrytown,Jefferson,Southeast
Theall,Vermilion,Acadiana
Theriot,Lafourche,Bayou
Theriot,Terrebonne,Bayou
Thibodaux,Lafourche,Bayou
Thomas,Washington,Southeast
Thomastown,Madison,Northeast
Thomastown,Washington,Southeast
Thornwell,Jefferson Davis,Southwest
Tickfaw,Tangipahoa,Southeast
Tide Water,Plaquemines,Southeast
Timber Trails,Rapides,Central
Timberlane,Jefferson,Southeast
Timon,Natchitoches,Northwest
Tinus,St. Helena,Capital
Tioga,Rapides,Central
Toca,St. Bernard,Southeast
Tooleys,Catahoula,Central
Toomey,Calcasieu,Southwest
Torbert,Pointe Coupee,Capital
Toro,Sabine,Northwest
Torras,Pointe Coupee,Capital
Transylvania,East Carroll,Northeast
Treat,Webster,Northwest
Trees,Caddo,Northwest
Tremont,Lincoln,Northwest
Trenton,DeSoto,Northwest
Trichell,Natchitoches,Northwest
Trinity,Catahoula,Central
Triumph-Buras,Plaquemines,Southeast
Tropical Bend,Plaquemines,Southeast
Trout,LaSalle,Central
Troy,East Feliciana,Capital
Truxno,Union,Northeast
Tullos,La Salle,Central
Tunica,West Feliciana,Capital
Turkey Creek,Evangeline,Acadiana
Turnbull,West Feliciana,Capital
Twin Oaks,Morehouse,Northeast
Uncle Sam,St. James,Southeast
Union,St. James,Southeast
Union,Union,Northeast
Union Hill,Rapides,Central
Union Springs,Sabine,Northwest
Unionville,Lincoln,Northwest
Urania,LaSalle,Central
Uscarco,Morehouse,Northeast
Utility,Catahoula,Central
Vacherie,St. James,Southeast
Valentine,Lafourche,Bayou
Valverda,Pointe Coupee,Capital
Varnado,Washington,Southeast
Vatican,Lafayette,Acadiana
Vaughn,Morehouse,Northeast
Velma,Tangipahoa,Southeast
Venice-Boothville,Plaquemines,Southeast
Ventress,Pointe Coupee,Capital
Verda,Grant,Central
Verdun,Livingston,Capital
Verdunville,St. Mary,Bayou
Vermilion,Vermilion,Acadiana
Vernon,Jackson,Northwest
Vernon,Vernon,Central
Verret,St. Bernard,Southeast
Verrett,Jefferson Davis,Southwest
Vick,Avoyelles,Central
Vidalia,Concordia,Central
Vidrine,Evangeline,Acadiana
Vienna,Lincoln,Northwest
Village St. George,East Baton Rouge,Capital
Ville Platte,Evangeline,Acadiana
Vinton,Calcasieu,Southwest
Violet,St. Bernard,Southeast
Vivian,Caddo,Northwest
Vixen,Caldwell,Northeast
Voorhies,Avoyelles,Central
Vowells Mill,Natchitoches,Northwest
Wadesboro,Tangipahoa,Southeast
Waggaman,Jefferson,Southeast
Wainwright,East Carroll,Northeast
Wakefield,West Feliciana,Capital
Waldheim,St. Tammany,Southeast
Walker,Jackson,Northwest
Walker,Livingston,Capital
Wall Lake,Ouachita,Northeast
Wallace,St. John the Baptist,Southeast
Wallace Ridge,Catahoula,Central
Walls,West Baton Rouge,Capital
Walnut Hill,Vernon,Central
Walters,Catahoula,Central
Ward,Allen,Southwest
Warden,Richland,Northeast
Wardview,Bossier,Northwest
Wardville,Morehouse,Northeast
Warnerton,Washington,Southeast
Washington,St. Landry,Acadiana
Waterproof,Terrebonne,Bayou
Waterproof,Tensas,Northeast
Watson,Livingston,Capital
Waverly,Madison,Northeast
Waxia,St. Landry,Acadiana
Webb,Catahoula,Central
Weeks,Iberia,Acadiana
Weiss,Livingston,Capital
Welcome,St. James,Southeast
Weldon,Claiborne,Northwest
Welsh,Jefferson Davis,Southwest
West Ferriday,Concordia,Central
West Monroe,Ouachita,Northeast
West Pointe a la Hache,Plaquemines,Southeast
Westdale,Red River,Northwest
Westlake,Calcasieu,Southwest
Westminster,East Baton Rouge,Capital
Weston,Jackson,Northwest
Westport,Rapides,Central
Westwego,Jefferson,Southeast
Westwood,Tensas,Northeast
Weyanoke,West Feliciana,Capital
Wham,Ouachita,Northeast
Wheeling,Winn,Central
White Castle,Iberville,Capital
White Sulphur Springs,LaSalle,Central
Whitehall,LaSalle,Central
Whitehall,Livingston,Capital
Whiteville,St. Landry,Acadiana
Whittington,Rapides,Central
Wickliffe,Pointe Coupee,Capital
Wilda,Rapides,Central
Wildsville,Concordia,Central
Willetts,Concordia,Central
Willhite,Union,Northeast
Williams,Red River,Northwest
Williana,Grant,Central
Willow Glen,Rapides,Central
Wills Point,Plaquemines,Southeast
Wilman,East Carroll,Northeast
Wilmer,Tangipahoa,Southeast
Wilson,East Feliciana,Capital
Windsor,Morehouse,Northeast
Winn,Winn,Central
Winnfield,Winn,Central
Winnsboro,Franklin,Northeast
Wisner,Franklin,Northeast
Womack,Jackson,Northwest
Womack,Red River,Northwest
Woodardville,Bienville,Northwest
Woodhaven,Tangipahoa,Southeast
Woodland,East Feliciana,Capital
Woodlawn,Assumption,Bayou
Woodlawn,Jefferson Davis,Southwest
Woodmere,Jefferson,Southeast
Woodside,Avoyelles,Central
Woodville,Lincoln,Northwest
Woodworth,Rapides,Central
Wright,Vermilion,Acadiana
Wyatt,Jackson,Northwest
Yellow Pine,Webster,Northwest
Youngsville,Lafayette,Acadiana
Yscloskey,St. Bernard,Southeast
Zachary,East Baton Rouge,Capital
Zenoria,LaSalle,Central
Zimmerman,Rapides,Central
Zimmerman Camp,Rapides,Central
Zion,Grant,Central
Zion City,East Baton Rouge,Capital
Zona,Washington,Southeast
Zwolle,Sabine,Northwest
Zylks,Caddo,Northwest
